<resources><color name="md_theme_light_primary">#1D6D21</color><color name="md_theme_light_onPrimary">#FFFFFF</color><color name="md_theme_light_primaryContainer">#A4F799</color><color name="md_theme_light_onPrimaryContainer">#002201</color><color name="md_theme_light_secondary">#53634E</color><color name="md_theme_light_onSecondary">#FFFFFF</color><color name="md_theme_light_secondaryContainer">#D6E8CE</color><color name="md_theme_light_onSecondaryContainer">#111F0F</color><color name="md_theme_light_tertiary">#386569</color><color name="md_theme_light_onTertiary">#FFFFFF</color><color name="md_theme_light_tertiaryContainer">#BCEBF0</color><color name="md_theme_light_onTertiaryContainer">#002022</color><color name="md_theme_light_error">#BA1B1B</color><color name="md_theme_light_errorContainer">#FFDAD4</color><color name="md_theme_light_onError">#FFFFFF</color><color name="md_theme_light_onErrorContainer">#410001</color><color name="md_theme_light_background">#FCFDF6</color><color name="md_theme_light_onBackground">#1A1C19</color><color name="md_theme_light_surface">#FCFDF6</color><color name="md_theme_light_onSurface">#1A1C19</color><color name="md_theme_light_surfaceVariant">#DEE4D8</color><color name="md_theme_light_onSurfaceVariant">#42493F</color><color name="md_theme_light_outline">#72796E</color><color name="md_theme_light_inverseOnSurface">#F1F1EB</color><color name="md_theme_light_inverseSurface">#2F312D</color><color name="md_theme_light_inversePrimary">#88D97F</color><color name="md_theme_light_shadow">#000000</color><color name="md_theme_light_primaryInverse">#88D97F</color><color name="md_theme_dark_primary">#88D97F</color><color name="md_theme_dark_onPrimary">#003A04</color><color name="md_theme_dark_primaryContainer">#005308</color><color name="md_theme_dark_onPrimaryContainer">#A4F799</color><color name="md_theme_dark_secondary">#BACBB3</color><color name="md_theme_dark_onSecondary">#253422</color><color name="md_theme_dark_secondaryContainer">#3C4B38</color><color name="md_theme_dark_onSecondaryContainer">#D6E8CE</color><color name="md_theme_dark_tertiary">#A1CFD4</color><color name="md_theme_dark_onTertiary">#00363A</color><color name="md_theme_dark_tertiaryContainer">#1E4D51</color><color name="md_theme_dark_onTertiaryContainer">#BCEBF0</color><color name="md_theme_dark_error">#FFB4A9</color><color name="md_theme_dark_errorContainer">#930006</color><color name="md_theme_dark_onError">#680003</color><color name="md_theme_dark_onErrorContainer">#FFDAD4</color><color name="md_theme_dark_background">#1A1C19</color><color name="md_theme_dark_onBackground">#E2E3DC</color><color name="md_theme_dark_surface">#1A1C19</color><color name="md_theme_dark_onSurface">#E2E3DC</color><color name="md_theme_dark_surfaceVariant">#42493F</color><color name="md_theme_dark_onSurfaceVariant">#C2C8BC</color><color name="md_theme_dark_outline">#8C9288</color><color name="md_theme_dark_inverseOnSurface">#1A1C19</color><color name="md_theme_dark_inverseSurface">#E2E3DC</color><color name="md_theme_dark_inversePrimary">#1D6D21</color><color name="md_theme_dark_shadow">#000000</color><color name="md_theme_dark_primaryInverse">#1D6D21</color></resources>