<resources><color name="md_theme_light_primary">#9C4142</color><color name="md_theme_light_onPrimary">#FFFFFF</color><color name="md_theme_light_primaryContainer">#FFDAD7</color><color name="md_theme_light_onPrimaryContainer">#400006</color><color name="md_theme_light_secondary">#765655</color><color name="md_theme_light_onSecondary">#FFFFFF</color><color name="md_theme_light_secondaryContainer">#FFDAD8</color><color name="md_theme_light_onSecondaryContainer">#2D1515</color><color name="md_theme_light_tertiary">#745A2F</color><color name="md_theme_light_onTertiary">#FFFFFF</color><color name="md_theme_light_tertiaryContainer">#FFDEA8</color><color name="md_theme_light_onTertiaryContainer">#281900</color><color name="md_theme_light_error">#BA1B1B</color><color name="md_theme_light_errorContainer">#FFDAD4</color><color name="md_theme_light_onError">#FFFFFF</color><color name="md_theme_light_onErrorContainer">#410001</color><color name="md_theme_light_background">#FCFCFC</color><color name="md_theme_light_onBackground">#201A1A</color><color name="md_theme_light_surface">#FCFCFC</color><color name="md_theme_light_onSurface">#201A1A</color><color name="md_theme_light_surfaceVariant">#F4DDDC</color><color name="md_theme_light_onSurfaceVariant">#534342</color><color name="md_theme_light_outline">#857372</color><color name="md_theme_light_inverseOnSurface">#FBEEED</color><color name="md_theme_light_inverseSurface">#362F2E</color><color name="md_theme_light_inversePrimary">#FFB3B1</color><color name="md_theme_light_shadow">#000000</color><color name="md_theme_light_primaryInverse">#FFB3B1</color><color name="md_theme_dark_primary">#FFB3B1</color><color name="md_theme_dark_onPrimary">#5F1318</color><color name="md_theme_dark_primaryContainer">#7E2A2D</color><color name="md_theme_dark_onPrimaryContainer">#FFDAD7</color><color name="md_theme_dark_secondary">#E7BDBB</color><color name="md_theme_dark_onSecondary">#442929</color><color name="md_theme_dark_secondaryContainer">#5D3F3E</color><color name="md_theme_dark_onSecondaryContainer">#FFDAD8</color><color name="md_theme_dark_tertiary">#E3C18C</color><color name="md_theme_dark_onTertiary">#412D05</color><color name="md_theme_dark_tertiaryContainer">#5A431A</color><color name="md_theme_dark_onTertiaryContainer">#FFDEA8</color><color name="md_theme_dark_error">#FFB4A9</color><color name="md_theme_dark_errorContainer">#930006</color><color name="md_theme_dark_onError">#680003</color><color name="md_theme_dark_onErrorContainer">#FFDAD4</color><color name="md_theme_dark_background">#201A1A</color><color name="md_theme_dark_onBackground">#ECDFDE</color><color name="md_theme_dark_surface">#201A1A</color><color name="md_theme_dark_onSurface">#ECDFDE</color><color name="md_theme_dark_surfaceVariant">#534342</color><color name="md_theme_dark_onSurfaceVariant">#D7C1C0</color><color name="md_theme_dark_outline">#A08C8B</color><color name="md_theme_dark_inverseOnSurface">#201A1A</color><color name="md_theme_dark_inverseSurface">#ECDFDE</color><color name="md_theme_dark_inversePrimary">#9C4142</color><color name="md_theme_dark_shadow">#000000</color><color name="md_theme_dark_primaryInverse">#9C4142</color></resources>